errorX,errorY,errorZ,estimatedX,estimatedY,estimatedZ,actualX,actualY,actualZ,PercenterrorX,PercenterrorY,PercenterrorZ,timediff
1.2197297564672804e-07,3.972717594682984e-07,2.6184771684256702e-08,0.019589062869639153,0.041756775111734805,-21.503227604593835,0.0195891848426148,0.04175717238349427,-21.503227630778607,0.0006226546771940454,0.0009513856824877623,-1.2177135513729658e-07,0.16198468208312988
1.5808826719608537e-06,3.599233744246144e-06,3.221095745686853e-07,0.019589124832896477,0.04175676567000666,-21.503227613271317,0.019590705715568438,0.04176036490375091,-21.50322793538089,0.008069554486261055,0.008618779439647237,-1.4979591693705387e-06,0.9220128059387207
4.0686369016627866e-06,8.905500470710037e-06,8.223119642991605e-07,0.01958915374175814,0.0417567382480764,-21.503227618357002,0.019593222378659802,0.04176564374854711,-21.503228440668966,0.020765532197981853,0.02132255047791483,-3.824132578826747e-06,1.7589237689971924
6.0248925369751904e-06,1.3114885701534518e-05,1.2191793921090266e-06,0.01958919727355792,0.04175671946061707,-21.50322762427855,0.019595222166094894,0.041769834346318604,-21.503228843457943,0.030746742679957497,0.03139798351316757,-5.669750347655091e-06,2.5881993770599365
7.692691011907532e-06,1.6680464413956764e-05,1.5571509841549869e-06,0.01958922678145945,0.04175670728053614,-21.503227629220873,0.019596919472471358,0.0417733877449501,-21.503229186371858,0.039254593165593134,0.03993083949954055,-7.241475085713476e-06,3.4265573024749756
9.24669179541357e-06,1.9869169770592165e-05,1.8731008317729447e-06,0.01958919579081672,0.04175670398825089,-21.503227621940326,0.019598442482612135,0.04177657315802148,-21.503229495041158,0.04718074818250121,0.04756055432176372,-8.710788452520115e-06,4.248676061630249
1.0540541773174789e-05,2.2522100673896817e-05,2.136614853043284e-06,0.019589181405196512,0.041756724412959134,-21.503227618576137,0.019599721946969687,0.04177924651363303,-21.50322975519099,0.053779037282743,0.0539073883645738,-9.936250867279572e-06,5.105046272277832
1.1613886994919081e-05,2.47647502006898e-05,2.3587804136582236e-06,0.01958918292464993,0.0417567253753092,-21.503227615665324,0.01960079681164485,0.04178149012550989,-21.503229974445738,0.05925211666915124,0.059272060729039344,-1.0969423739881772e-05,5.925679922103882
3.234766417113677e-05,0.00010786953857820636,3.306669224656389e-06,0.019634046175897486,0.04167550057073942,-21.50323346584725,0.01960169851172635,0.041783370109317625,-21.503230159178024,0.16502480206899103,0.25816380606922756,-1.5377546536863135e-05,6.764739274978638
3.158258043639908e-05,0.00010944452898035278,3.1522846093423595e-06,0.01963402304196976,0.04167546831276368,-21.503233466540387,0.019602440461533362,0.041784912841744036,-21.503230314255777,0.16111555343516956,0.2619235545491322,-1.4659586319235587e-05,7.597848892211914
3.105302286082398e-05,0.00011050265438712625,3.0292639969786705e-06,0.019634018760892866,0.041675497270691655,-21.503233459046854,0.01960296573803204,0.04178599992507878,-21.503230429782857,0.1584098206149363,0.2644489890998293,-1.4087483305685158e-05,8.425819396972656
3.059884750828204e-05,0.0001114810313997891,2.9147175908406098e-06,0.01963403897410736,0.0416754908880902,-21.50323346069041,0.019603440126599078,0.04178697191948999,-21.50323054597282,0.15608917266905495,0.26678418243508306,-1.3554789289028414e-05,9.3002347946167
3.0286755571918428e-05,0.0001120308233602263,2.820201167708092e-06,0.01963400917366016,0.041675505460635635,-21.50323345167567,0.01960372241808824,0.04178753628399586,-21.5032306314745,0.15449492155618882,0.26809626343808357,-1.31152440116609e-05,10.116719245910645
3.0191195531957538e-05,0.00011236691115710379,2.7574083638626234e-06,0.019634073219694317,0.041675465979886,-21.50323346393398,0.01960388202416236,0.041787832891043104,-21.503230706525617,0.15400620904954437,0.2688986324083553,-1.2823228292973803e-05,10.93471908569336
3.0222083565262237e-05,0.00011238462173045888,2.7036454461892845e-06,0.019634122791626095,0.041675438813231394,-21.503233471655545,0.019603900708060833,0.04178782343496185,-21.5032307680101,0.15416362292038832,0.2689410753957386,-1.257320574455928e-05,11.785612344741821
3.0346974381992298e-05,0.00011212183297613226,2.662327041491608e-06,0.019634139792627958,0.04167541793949933,-21.50323347801214,0.019603792818245966,0.041787539772475464,-21.5032308156851,0.15480154612604996,0.26831403233263434,-1.2381055964621032e-05,12.597528457641602
3.288379670145572e-05,0.00010290294068268646,5.425121965885182e-06,0.019634155419862426,0.04167539856269528,-21.503233484074883,0.01960127162316097,0.04177830150337797,-21.503228058952917,0.16776358867758376,0.24630714265482115,-2.5229337432555484e-05,13.46435832977295
0.0002843348665813577,0.012563906470226052,0.0001233942976632818,0.01538110580658608,0.04901165119762425,-21.503309190864382,0.015665440673167438,0.036447744727398194,-21.503432585162045,1.8150454399178242,34.47101203159387,-0.0005738353501218556,14.276339292526245
0.019827212749174324,0.005234438083090119,0.018387608780276565,0.028934542642328462,0.03969264389741402,-21.526396871024012,0.009107329893154138,0.0344582058143239,-21.508009262243736,217.70610027070813,15.19068668663596,-0.08549191399389584,15.086893796920776
0.016523540961963904,0.020663601348391448,0.014861051964846439,0.034555066252026256,0.026013252019682038,-21.53184561755823,0.018031525290062352,0.046676853368073486,-21.516984565593383,91.63695636480882,44.26948231802864,-0.06906661070255134,15.892724990844727
0.007929153005038228,0.04339203494311264,0.005738234870531045,0.048471179310531715,0.028334602845008272,-21.524165865812243,0.040542026305493487,0.07172663778812091,-21.529904100682774,19.557860638958292,60.4964017291482,-0.026652394008336848,16.735957384109497
0.003787259855171074,0.0720180631854149,0.01584375402140381,0.06441861341313684,0.041002742913052094,-21.526208371163257,0.06063135355796577,0.113020806098467,-21.54205212518466,6.246371939478997,63.72106665269285,-0.07354802564459953,17.57142472267151
0.01644884974510688,0.09089167569346139,0.007552713555615043,0.09333804489265365,0.07528287673486649,-21.561204533527178,0.07688919514754677,0.16617455242832788,-21.553651819971563,21.392927463400166,54.69650699535571,-0.03504145663435426,18.397655487060547
0.018971192454491956,0.10190945978950267,0.020136604641823652,0.12005550611919985,0.12249048630510953,-21.58826176195811,0.1010843136647079,0.2243999460946122,-21.568125157316285,18.767691807671113,45.41420867656327,-0.0933627957689821,19.202912092208862
0.014554691574373418,0.0869824310915284,0.016646052194488448,0.14493663786646144,0.19413979051779637,-21.599953884883547,0.13038194629208802,0.28112222160932476,-21.58330783268906,11.163118812298817,30.941143888798585,-0.07712465727462368,20.041731595993042
0.025314685448710295,0.06912990760994991,0.01547616799285123,0.18473381307476813,0.2730579219552867,-21.612486657209956,0.15941912762605784,0.34218782956523663,-21.597010489217105,15.879327547250035,20.202327972266644,-0.07165884371162448,20.88526177406311
0.03414302139918987,0.08061889823389135,0.015093926362631294,0.2138111791490676,0.30295698580561736,-21.620229104589153,0.17966815774987774,0.3835758840395087,-21.605135178226522,19.00337924470821,21.017718159149837,-0.06986267958111565,21.731311559677124
0.0373053034925932,0.07431136684056161,0.018947939092676336,0.24402251216703646,0.3635605864083528,-21.634411494887825,0.20671720867444326,0.4378719532489144,-21.61546355579515,18.046539875325486,16.971026869656182,-0.08765918456371181,22.572059869766235
0.05832413805474751,0.11100878136943881,0.034659659209555826,0.28258726210727775,0.41315321639663016,-21.66034970377795,0.22426312405253024,0.524161997766069,-21.625690044568394,26.007012209945835,21.178334530650485,-0.16027076656571754,23.361050367355347
0.07915664143585796,0.12413489801628391,0.03564548006659152,0.3186067984157374,0.49095942296286016,-21.67047358211783,0.23945015697987945,0.6150943209791441,-21.634828102051237,33.05766946835176,20.181441086739106,-0.1647597101231967,24.182801246643066
0.07872880500496376,0.18989612061848482,0.02971254047966454,0.3279870018246565,0.576093677911126,-21.675709752339415,0.24925819681969275,0.7659897985296108,-21.64599721185975,31.58524213424935,24.79094643074989,-0.13726575028562402,25.029828786849976
0.07991952349446635,0.21484792069474168,0.03256693539537281,0.32360735672253893,0.7018390048555354,-21.68646284066136,0.24368783322807258,0.9166869255502771,-21.653895905265987,32.795861178538196,23.43743700345359,-0.15039757989901897,25.948719024658203
0.07482599391619388,0.18014017715023478,0.05244647457994489,0.31293106785282393,0.9013641877794737,-21.714155460271993,0.23810507393663005,1.0815043649297085,-21.661708985692048,31.425619235694352,16.6564447626564,-0.24211605194487074,26.729013204574585
0.05659966609505371,0.19269555551644935,0.05647901890355911,0.2982824235560906,1.0779908844703707,-21.72682156975988,0.24168275746103687,1.27068643998682,-21.670342550856322,23.41899219028005,15.164681817053784,-0.26062817775498104,27.58888006210327
0.05988712362660098,0.12585652307738449,0.05562531783226632,0.32132641943892015,1.3053875577512817,-21.732377770478816,0.2614392958123192,1.4312440808286662,-21.67675245264655,22.90670323316372,8.793505228298704,-0.25661278345905975,28.386114358901978
0.06364068363823128,0.09602417903864513,0.0620176789159359,0.3498459524351241,1.4782875839639293,-21.742135601416354,0.28620526879689284,1.5743117630025745,-21.68011792250042,22.236027975919004,6.099438579783267,-0.28605784865944706,29.248629570007324
0.05251110696578698,0.11024693323986834,0.06398159018873528,0.3715927853129055,1.6284574540907073,-21.744128456546214,0.31908167834711854,1.7387043873305756,-21.68014686635748,16.456948339309495,6.340752001502102,-0.2951160367276836,30.075218677520752
0.0633061232911224,0.09706075625608612,0.0829826251350525,0.41857221181519677,1.7927333611960963,-21.759405353835383,0.3552660885240744,1.8897941174521824,-21.67642272870033,17.819354375792752,5.136049232015987,-0.3828243533245947,30.916972160339355
0.06317633484200541,0.08704361866207977,0.08266257013508138,0.4627795116715429,1.9620663673627106,-21.75331974514373,0.3996031768295375,2.0491099860247903,-21.67065717500865,15.809767916073184,4.2478744067292205,-0.3814493001643287,31.772345066070557
0.06376904649574128,0.06539078943812582,0.07465442641464648,0.51019217382651,2.1443492936727657,-21.736683677806894,0.4464231273307688,2.2097400831108915,-21.662029251392248,14.284440610643545,2.959207281340894,-0.344632654440019,32.57896661758423
0.07589582850023857,0.07781516906702013,0.08623263782019208,0.5541527766864756,2.2751606867436074,-21.74282471705711,0.478256948186237,2.3529758558106275,-21.65659207923692,15.869257893287134,3.307095942988837,-0.398181936957971,33.45165824890137
0.07941806379295535,0.11335740957996965,0.10119252305537785,0.5855502606051366,2.3918457939180753,-21.753679542900525,0.5061321968121812,2.505203203498045,-21.652487019845147,15.691170072396385,4.524878837041537,-0.46734826795015233,34.22017312049866
0.0632150071319394,0.09090833708292001,0.10375561470775096,0.6123276071803948,2.5822203724195707,-21.752702595431046,0.5491126000484554,2.6731287095024907,-21.648946980723295,11.512212090263656,3.4008215451712918,-0.4792640251746991,35.08662486076355
0.05465554369094572,0.10261258428601883,0.10365114859332536,0.671925784948502,2.7413865192659426,-21.747713497345774,0.6172702412575563,2.8439991035519614,-21.64406234875245,8.854394726626822,3.6080385594307214,-0.4788895306397958,35.9087233543396
0.03754615289940744,0.09386127526218324,0.12810555984985683,0.7460728896430788,2.9095507723276794,-21.766609577162033,0.7085267367436714,3.0034120475898627,-21.638504017312176,5.299186460057437,3.1251547831242057,-0.5920259540463807,36.75674843788147
0.04929632873726264,0.06272589878105972,0.15462939857136604,0.8483893173086376,3.093615466526574,-21.786102207482973,0.799092988571375,3.1563413653076338,-21.631472808911607,6.169035324086002,1.9872976817558552,-0.7148352769935422,37.572728395462036
0.03268958775436026,0.07133784459125181,0.15941475116398607,0.9347192782218401,3.243918927169098,-21.78279780588341,0.9020296904674798,3.3152567717603496,-21.623383054719422,3.6240035222586493,2.151804505729809,-0.7372331644894619,38.376081705093384
0.015056697144297138,0.10232614938168094,0.16921980062526032,1.028674119045877,3.3783009812011904,-21.784100599406084,1.0136174219015799,3.4806271305828713,-21.614880798780824,1.485441826369783,2.93987679641356,-0.7828856527157211,39.24339032173157
0.06289826571181889,0.024385185842434876,0.16830152058383874,1.168581781581659,3.601117080742269,-21.776872342073442,1.1056835158698402,3.625502266584704,-21.608570821489604,5.68863194657803,0.6726015886732906,-0.7788646550213483,40.02737045288086
0.03941310146793331,0.0580445360324755,0.1765450345072992,1.2566861855630451,3.7511234981030688,-21.77902459259825,1.2172730840951118,3.8091680341355443,-21.602479558090952,3.237819186417972,1.52381138118125,-0.8172443076849313,40.89491128921509
0.037568192704532155,0.06525227088477559,0.1895014948317737,1.347933997554151,3.90608601309808,-21.785452329175026,1.310365804849619,3.9713382839828557,-21.595950834343252,2.867000387639357,1.6430801462557372,-0.8774862301057677,41.69881796836853
0.038211724218061294,0.11888277544644765,0.20681858631126815,1.443579198433152,4.045992553127861,-21.799945891070447,1.4053674742150908,4.1648753285743085,-21.59312730475918,2.718984530320289,2.854413783548781,-0.957798207699562,42.538748025894165
0.024808227660072957,0.11730430506540834,0.20025761367894646,1.5300188652284354,4.227277792883704,-21.792686302179717,1.5052106375683625,4.344582097949113,-21.59242868850077,1.6481565463920818,2.700013543783246,-0.927443672816645,43.354456424713135
0.00019666196616219267,0.15106207379990888,0.20638497621331453,1.6054951872368393,4.3743767323558185,-21.798991465106585,1.605298525270677,4.525438806155727,-21.59260648889327,0.012250803390542736,3.338064666666727,-0.9558131683614672,44.21830630302429
0.029362050070298906,0.17068896771260178,0.2267266815756912,1.682817783549661,4.530049102009015,-21.819578693961976,1.7121798336199598,4.700738069721616,-21.592852012386285,1.7148928806281099,3.6311099487130156,-1.0500080371302236,44.96346163749695
0.04502288104744667,0.16428235075711672,0.24898521589598843,1.7806349221284787,4.709905053363389,-21.841604820342052,1.8256578031759254,4.874187404120506,-21.592619604446064,2.466118292766837,3.3704561834909526,-1.1531033309396175,45.82398319244385
0.027980826653183355,0.08592746970887077,0.2348672465457824,1.9310775718534106,4.9803450412820895,-21.827028158638903,1.959058398506594,5.06627251099096,-21.59216091209312,1.428279354740694,1.6960688459307414,-1.087743128175005,46.60129237174988
0.01818953941796453,0.051066839139389586,0.2546831675014971,2.0613925474466206,5.179284175383099,-21.845870997143734,2.079582086864585,5.230351014522489,-21.591187829642237,0.87467282647107,0.9763558697609093,-1.1795699685954573,47.46111178398132
0.0063015738278795475,0.012947335112801106,0.27099267190112997,2.1886721152364936,5.357089193059364,-21.860049899408928,2.194973689064373,5.370036528172165,-21.589057227507798,0.28709108720868765,0.24110329687474352,-1.255231615931072,48.274474143981934
0.04096360257009746,0.07933800863593721,0.2943011704796241,2.2615968192648337,5.424734307343019,-21.880643820559463,2.302560421834931,5.504072315978957,-21.58634265007984,1.7790457171783225,1.4414419738928541,-1.3633674552948674,49.0800940990448
0.057882715700570575,0.10700842809216393,0.2981977555116302,2.358481745377786,5.5468536963368615,-21.881629641469555,2.4163644610783566,5.6538621244290255,-21.583431885957925,2.3954464085578846,1.8926607288459574,-1.3816049138396578,49.942078590393066
0.056840669121511755,0.12319013155959002,0.3155685867650284,2.4587023531341154,5.67675164815256,-21.898917571115607,2.515543022255627,5.79994177971215,-21.58334898435058,2.259578493336365,2.1239891060717495,-1.4620927780662651,50.73320484161377
0.015713785525474755,0.029623898908732293,0.33304928339236994,2.595671237634572,5.922619641761708,-21.917152092664836,2.6113850231600466,5.95224354067044,-21.584102809272466,0.601741427867249,0.4976929909926965,-1.5430304717103782,51.59178400039673
0.02160030143613989,0.02670312312573042,0.34806845993788826,2.6720859707520943,6.065371764452336,-21.932893913207423,2.693686272188234,6.092074887578066,-21.584825453269534,0.8018863094473411,0.4383255888757857,-1.612560920130883,52.42070698738098
0.012985063722322998,0.0070589010175661215,0.34871820349914273,2.7651698470499833,6.239355016098006,-21.933790539428497,2.7781549107723063,6.23229611508044,-21.585072335929354,0.46739883625543577,0.11326324820294603,-1.6155526285574922,53.234938859939575
0.0337349724685736,0.010696817026262906,0.344704488659751,2.827553031483796,6.361066874710787,-21.93114084921573,2.8612880039523696,6.3717636917370495,-21.58643636055598,1.1790135219514648,0.16787843278203518,-1.5968568544718922,54.12793326377869
0.041202734060536095,0.016627630865822418,0.356427206182822,2.9111882162253515,6.508067935705775,-21.943699306053592,2.9523909502858876,6.524695566571597,-21.58727209987077,1.3955717502977147,0.2548414818158238,-1.6510988722144089,55.00630807876587
0.04493437323854499,0.006551900076818384,0.3805461199119726,2.9985734508906607,6.677827008171531,-21.969724391347103,3.0435078241292057,6.671275108094712,-21.58917827143513,1.47640077946576,0.09821061147468671,-1.76267070069766,55.78873896598816
0.08098618899122689,0.037439242409914364,0.39263149401426034,3.0653265296280727,6.794306389367068,-21.984079125184014,3.1463127186192996,6.8317456317769825,-21.591447631169753,2.574003166054205,0.5480186826009821,-1.8184584040926062,56.629913568496704
0.10494157850185903,0.0336390146088732,0.40736781303439074,3.1520593621881448,6.954529536555681,-21.999944907666382,3.257000940690004,6.988168551164554,-21.59257709463199,3.222030954637271,0.4813709681239353,-1.8866104367674768,57.47673416137695
0.07994324399651687,0.027560018469023895,0.3971292642684965,3.2885725658099667,7.170229246750872,-21.990607669840852,3.3685158098064836,7.142669228281848,-21.593478405572355,2.3732482942126816,0.3858504095345514,-1.8391166851840526,58.319398164749146
0.09238313182199409,0.022426416579961028,0.4152015859890241,3.3865150316059682,7.322527676448648,-22.00829065909305,3.4788981634279623,7.300101259868687,-21.593089073104025,2.6555284886799786,0.30720692469359573,-1.9228447795651062,59.06173348426819
0.08534424112957595,0.04576201747239139,0.44446046279337637,3.4940885481927206,7.488781908533394,-22.03426306159914,3.5794327893222966,7.443019891061002,-21.589802598805765,2.3842951146942584,0.6148313203804702,-2.058659224693243,59.90339946746826
0.1071347880643363,0.011956522879243536,0.47537390968389204,3.5673961202893865,7.585686043133701,-22.062379927647928,3.6745309083537228,7.5976425660129445,-21.587006017964036,2.915604487657861,0.15737148431711528,-2.2021298798374387,60.76378393173218
0.13571950348887452,0.040021988828568666,0.47553755214055826,3.645001896388476,7.724716828855349,-22.060778083911842,3.7807213998773506,7.764738817683917,-21.585240531771284,3.5897779586001066,0.5154325183149755,-2.2030681170340225,61.57424879074097
0.1137239140175299,0.017458572259426042,0.49084218927662704,3.7643510952120245,7.941934947058275,-22.076503949611368,3.8780750092295544,7.924476374798849,-21.58566176033474,2.9324836097000375,0.22031199834158383,-2.2739269924936285,62.37672162055969
0.117106400865989,0.051817281796269654,0.5090155128162017,3.8764102456924565,8.156688826109797,-22.095615149686598,3.9935166465584455,8.104871544313527,-21.586599636870396,2.9324129891109783,0.6393350161437817,-2.358016183089771,63.16728162765503
0.12585042448874084,0.06729757190891661,0.520708102557137,3.9839542914089723,8.33526523817503,-22.107695544453176,4.109804715897713,8.267967666266113,-21.58698744189604,3.0621996223304997,0.8139554316775501,-2.4121388126003462,64.0235321521759
0.14279165856679654,0.07374233740950231,0.5165893522170464,4.078848030878901,8.483624655548057,-22.10372185878951,4.221639689445698,8.409882318138555,-21.587132506572463,3.3823743633020737,0.8768533805812452,-2.3930429484312685,64.85412120819092
0.1030343746127782,0.13758728378803653,0.5208230135900926,4.223000422651258,8.685982970442755,-22.107341075796683,4.326034797264036,8.548395686654718,-21.58651806220659,2.3817278279393737,1.6095100043488884,-2.412723590202086,65.68615317344666
0.12978049136416825,0.10205009096001483,0.5251685075751062,4.311153261372327,8.812723900688457,-22.109984323681836,4.440933752736496,8.710673809728442,-21.58481581610673,2.9223694517892267,1.171552203528056,-2.4330460451889615,66.54358434677124
0.10928888903634437,0.1376691106448611,0.5308761252019849,4.428562810707549,8.993512019182807,-22.113163315565068,4.537851699743894,8.855842908537946,-21.582287190363083,2.4083838844383654,1.55455682837524,-2.459776948195887,67.30611109733582
0.13983955762457612,0.08537887662622978,0.5204249179095228,4.482181967408874,9.083259448263108,-22.10038501369746,4.62202152503345,8.997880571636879,-21.579960095787936,3.0255064124471835,0.9488776378668672,-2.4116120493248805,68.14898324012756
0.16467059646765936,0.07003336573244745,0.5323856652644032,4.556331550066772,9.22748197441066,-22.112214215320368,4.721002146534431,9.157448608678212,-21.579828550055964,3.48804324498221,0.7647694104019228,-2.4670523402421685,68.96454071998596
0.1666887489467932,0.11906767942284624,0.5518502939814702,4.664865688345445,9.43990450270016,-22.134529343344127,4.8315544372922385,9.320836823277313,-21.582679049362657,3.4500025014767512,1.2774355101410377,-2.5569128499724716,69.8203067779541
0.18254023505677708,0.10515815814145135,0.5601319792375463,4.745230488125834,9.585150815115735,-22.14391172484285,4.927770723182611,9.479992656974284,-21.583779745605305,3.704316724761964,1.1092641307489635,-2.595152405368644,70.64236855506897
0.1511912729369378,0.1924403775107688,0.5847379409262778,4.874000779540812,9.817410490629673,-22.169139551057384,5.02519205247775,9.624970113118904,-21.584401610131106,3.0086665615573946,1.9993867539232273,-2.7090764501519393,71.49750304222107
0.19367574679244104,0.16723600342036882,0.5753947849088661,4.9591864525412,9.961428733997593,-22.16280316823833,5.152862199333641,9.794192730577224,-21.587408383329464,3.7586052042588456,1.7075016596136834,-2.6654185379343898,72.34348511695862
0.21477358628310572,0.17837154539225786,0.5765931526339685,5.064249198474197,10.12171137017943,-22.166023883038825,5.279022784757303,9.943339824787172,-21.589430730404857,4.068434538741618,1.7938796072080914,-2.670719574935063,73.18724513053894
0.1818649115816875,0.22747510109380897,0.5931168519686274,5.214952650222776,10.322937089776785,-22.184250277826887,5.396817561804464,10.095461988682976,-21.59113342585826,3.369854724547696,2.253241123078952,-2.7470389824847774,73.99281454086304
0.2044904370873919,0.19093068912405364,0.6031860341488056,5.295010275041374,10.434893296999016,-22.194589086399898,5.499500712128766,10.243962607874963,-21.591403052251092,3.718345497008528,1.8638362558769712,-2.793639823633037,74.89940476417542
0.2301182568588187,0.15986863276281582,0.618472752401722,5.381448673759827,10.56932365790992,-22.209261980906426,5.611566930618646,10.409455025147103,-21.590789228504704,4.100784321099585,1.5358021373511492,-2.864521281997411,75.6859016418457
0.2447336181744424,0.14666301618048116,0.6204637510806137,5.461414941485904,10.704906478875795,-22.213722071002415,5.706148559660346,10.558243462695314,-21.5932583199218,4.288945785684381,1.3890853786302153,-2.8734142012656694,76.58824467658997
0.2740940497925095,0.114094250722232,0.6350938464114755,5.541350106648306,10.851143299127102,-22.230548201186842,5.815444156440815,10.73704904840487,-21.595454354775367,4.713209213589308,1.0626220501356676,-2.9408681844706743,77.37272667884827
0.33138834617306046,0.052566044288408165,0.6375101803157364,5.587426479400393,10.935574442344178,-22.233829284042944,5.918814825573453,10.88300839805577,-21.596319103727208,5.5988970079149825,0.48301023362068707,-2.951939065420234,78.1403911113739
0.3495642785344071,0.17384827481242304,0.658829827400865,5.71439924718594,11.148981880705227,-22.255462453381,6.0639635257203475,10.975133605892804,-21.596632625980135,5.764617103182227,1.5840196671417273,-3.0506136711716416,79.03349447250366
0.7601372370743267,0.016229194164587568,0.6498352648929284,5.7111600121543,11.106864014850196,-22.23959279532198,6.471297249228627,11.123093209014783,-21.58975753042905,11.74628838390841,0.14590540472531968,-3.0099238677277276,80.75944495201111
0.7874403369063607,0.05392489910886056,0.6699057611268557,5.857913264967259,11.127704978160637,-22.250503439635658,6.6453536018736195,11.073780079051776,-21.580597678508802,11.849487387463421,0.4869601773189452,-3.1042039294119568,81.57985234260559
0.7758190396087254,0.13352292134188026,0.7069777466424547,6.081609246082005,11.16276601445242,-22.281027417241177,6.85742828569073,11.029243093110539,-21.574049670598722,11.313556734200382,1.2106263341433274,-3.276982103206749,82.41457796096802
13.548593452595753,31.69121339781926,0.2525747062180166,20.624066956476288,-20.738035798046354,-21.817594167789295,7.075473503880534,10.953177599772905,-21.56501946157128,191.48673859304319,289.3335117516612,-1.1712241051676444,83.23703932762146
13.55877289968007,31.59098643723107,0.1815750672049532,20.795495505620814,-20.78086889060779,-21.73171233295613,7.236722605940743,10.810117546623282,-21.550137265751175,187.36068297753258,292.23536470331015,-0.8425703510182445,84.13584232330322
13.525714505921558,31.998287149720472,0.05157837286867917,20.9231363472056,-20.867822032921303,-21.684236267993942,7.397421841284041,11.130465116799169,-21.632657895125263,182.84362844411982,287.48382762033526,-0.2384282741340902,84.89477896690369
13.632838087239211,31.06834164554214,0.23178455099765571,20.981228101504026,-20.97154543195558,-21.69882388239136,7.348390014264816,10.09679621358656,-21.467039331393703,185.52142796959495,307.70494905835204,-1.0797229530328885,86.62442255020142
14.086353836297315,28.89902516922829,0.004342122223579992,21.05169617774969,-21.01723289651695,-21.721266884762453,6.965342341452375,7.881792272711338,-21.716924762538873,202.234910299615,366.6555038412224,-0.01999418550765548,88.33706092834473
14.777793756767192,28.812439164578535,0.0033456502564277457,21.676468602831104,-21.57386199513776,-21.809957357809797,6.898674846063913,7.238577169440772,-21.813303008066224,214.21206371537812,398.0400911689733,-0.015337660028793325,89.12795114517212
15.535116119412361,28.723315800871752,0.16632876523186724,22.268874460071878,-22.09808937119379,-21.76923920150077,6.7337583406595165,6.625226429677964,-21.935567966732638,230.7049842523874,433.5446660691402,-0.7582605815546719,89.95848679542542
16.10075542290628,28.68824098925955,0.25297448686484003,22.56624656831047,-22.5845630231385,-21.773702617035052,6.465491145404191,6.103677966121052,-22.026677103899893,249.02602232084158,470.015638906507,-1.1484913755786164,90.83671951293945
16.59412143476055,28.66169730429932,0.20477558982722854,22.70842827374672,-22.9677757192333,-21.86046554753522,6.114306838986171,5.693921585066023,-22.06524113736245,271.39824467023413,503.3735866590263,-0.9280460093431194,91.63672924041748
17.110541120444296,28.93983414881323,0.11084651102983756,22.822113918329794,-23.510034979940762,-21.97698363797719,5.711572797885498,5.429799168872467,-22.08783014900703,299.5766967511795,532.9816674384068,-0.5018442747977249,92.5158302783966
17.54215455529719,29.282571911802876,0.04509851434749379,22.776322282718922,-24.070293128928707,-22.074313333407577,5.23416772742173,5.2122787828741695,-22.11941184775507,335.1469702316587,561.7998025741784,-0.20388658910960555,93.29031252861023
17.95553343441588,29.55223557459746,0.10040867736846693,22.64768143422744,-24.487088573946732,-22.229351962992038,4.692147999811561,5.06514700065073,-22.12894328562357,382.6719326657425,583.4428017745748,-0.4537436608358026,94.08105611801147
18.41331872587555,30.095751554006906,0.4774787906947324,22.479041956142172,-25.09670856857308,-22.5924872351287,4.065723230266625,4.999042985433824,-22.11500844443397,452.8915935251212,602.0302614260308,-2.159071256492814,94.95601844787598
19.52400344132014,30.270965701422032,0.5114285171191497,22.4295763211143,-25.167835701605835,-22.628600768133488,2.9055728797941596,5.103129999816197,-22.11717225101434,671.9502228663176,593.1842947859906,-2.3123594251326347,96.69782948493958
19.78063882711168,30.696908894540005,0.6830218798338947,22.18873928215092,-25.447286520447378,-22.797794586103905,2.40810045503924,5.2496223740926276,-22.11477270627001,821.420833409101,584.7450865424548,-3.088532217381748,97.52179145812988
20.65954815127218,31.185379127403024,0.7707634826001843,22.119638160289448,-25.487921570459182,-22.847000926603137,1.4600900090172675,5.697457556943843,-22.076237444002953,1414.9503129041584,547.3560586580496,-3.4913715915370513,99.2536952495575
20.614977379153846,31.57362648911811,1.011339613297757,21.7703092231025,-25.600861194225637,-23.08057800313857,1.155331843948655,5.972765294892472,-22.069238389840812,1784.3338679817443,528.6266064417073,-4.582575961313235,100.0972409248352
20.527849667304856,31.76408108465153,1.273744896197801,21.395663734526998,-25.53011128743289,-23.327898397795597,0.867814067222142,6.23396979721864,-22.054153501597796,2365.466341541818,509.5321619752386,-5.775532922202251,100.93295574188232
20.462259086070368,31.89322946752948,1.5086870750556223,21.11476953660221,-25.352255463038603,-23.534066439993115,0.652510450531841,6.540974004490879,-22.025379364937493,3135.9281785283615,487.59144197228636,-6.8497665808985895,101.7681336402893
20.386395924853634,32.041678880417216,1.6855533157361826,20.959101133067833,-25.23267005639589,-23.68505585284321,0.5727052082141991,6.809008824021325,-21.999502537107027,3559.6665845631455,470.5777259001077,-7.661779228385387,102.58944702148438
20.142235602885034,32.0711766307744,1.925343909609179,20.67419634937601,-25.009638565858584,-23.89957020491314,0.5319607464909762,7.061538064915823,-21.97422629530396,3786.4138915796316,454.16701483371116,-8.76182798763949,103.4501645565033
20.007900416651896,32.53253764789926,1.9924066641799634,20.66503400527474,-24.955004617458073,-23.91896408706001,0.6571335886228439,7.577533030441191,-21.926557422880048,3044.7234417863942,429.3288794282577,-9.086728143200972,105.14641380310059
19.70197360207329,32.52032158138509,2.0572052396315534,20.583863426227424,-24.753159932734526,-23.95440987989723,0.8818898241541315,7.767161648650564,-21.897204640265677,2234.0629251472,418.6899031132569,-9.394830406108829,106.05834603309631
19.34878971617911,32.35327611038559,1.9263994927688088,20.468623784960215,-24.371551229551972,-23.790156850718976,1.1198340687811075,7.981724880833624,-21.863757357950167,1727.8264928338408,405.3419103441532,-8.81092605095311,106.82813024520874
19.15487937110385,32.360730314201554,1.7825160718247197,20.49281323896377,-24.14386132984787,-23.622044367039287,1.3379338678599202,8.216868984353685,-21.839528295214567,1431.676096348683,393.8328623204518,-8.161879907522092,107.65159726142883
18.8608911741011,32.3704986846721,1.7056980146641187,20.510078887150478,-23.967358004284275,-23.523095544892314,1.6491877130493795,8.403140680387825,-21.817397530228195,1143.6473255810856,385.21904982766665,-7.818063599477706,108.49069356918335
18.511002844636437,32.14544940429119,1.5037941736590348,20.466855982397547,-23.581324969563312,-23.300474995724862,1.9558531377611101,8.564124434727882,-21.796680822065827,946.4413501836962,375.350097365938,-6.899188853271053,109.25566792488098
18.253628550299027,32.05167629573683,1.294295283406381,20.55728123876523,-23.27847775170939,-23.069411705227143,2.303652688466204,8.773198544027442,-21.775116421820762,792.3776288713244,365.33626971837714,-5.943919005224572,110.14859533309937
17.938317914512297,32.01891532509403,1.1984738520929312,20.611156034295398,-23.11664125954327,-22.953872920659133,2.6728381197831026,8.902274065550756,-21.755399068566202,671.1337204352641,359.67119288090703,-5.50885712698589,111.00266981124878
17.607521122139403,31.75843217932351,0.9929286953709457,20.649285346303902,-22.740369130954377,-22.724008653496536,3.041764224164499,9.018063048369132,-21.73107995812559,578.8588406116774,352.1646722692502,-4.569164060342405,111.80807089805603
17.321370986942316,31.56290995601156,0.7571099726350496,20.74868381356992,-22.388381920683397,-22.46554276316535,3.4273128266276016,9.174528035328162,-21.7084327905303,505.3921793297799,344.02761465737444,-3.4876307283007453,112.6386034488678
16.990547115263016,31.29556883507368,0.5179960624808615,20.851213397255286,-22.00142776588807,-22.20722786971979,3.860666281992269,9.294141069185608,-21.68923180723893,440.0936489774809,336.72362622978704,-2.388263757262149,113.54262566566467
16.61293698523188,31.142849184760628,0.4121092188492774,20.890904892333918,-21.79350517315167,-22.0813998481049,4.277967907102038,9.349344011608958,-21.669290629255624,388.33711112353205,333.1019710697452,-1.9018122277288136,114.36075043678284
16.280553362777827,30.925135948610404,0.21289393576850202,20.977807112128495,-21.53266577909569,-21.86756234950279,4.697253749350668,9.392470169514713,-21.65466841373429,346.5972721833134,329.2545559418927,-0.9831318203583106,115.13121938705444
16.00058445143314,30.768492081617524,0.0702137759117143,21.069398515043318,-21.351968815080156,-21.711682482198142,5.068814063610175,9.41652326653737,-21.641468706286428,315.6672201946387,326.7500245123025,-0.32444090031338096,115.98511910438538
15.829488304389365,30.34959409038673,0.3292905574894398,21.297645445473854,-20.934046148037538,-21.292194680753603,5.4681571410844905,9.41554794234919,-21.621485238243043,289.4848830414177,322.3348686259726,-1.5229784349273403,116.80606126785278
15.643468502990569,29.94964577500358,0.8063788064216979,21.49075071625926,-20.526357213719002,-20.799560192280275,5.847282213268692,9.423288561284581,-21.605938998701973,267.5340086629016,317.8258373414477,-3.732209030443634,117.64072036743164
15.465268186306158,29.714850964478284,1.1011103281040384,21.667898424843052,-20.320080339966523,-20.492957885746772,6.202630238536894,9.39477062451176,-21.59406821385081,249.33403397514437,316.29139392663507,-5.099133323093641,118.50274705886841
15.211270311545192,29.531154966993302,1.2593664221992427,21.739351261051834,-20.242329265906914,-20.322591981003328,6.528080949506641,9.288825701086388,-21.58195840320257,233.0128935165055,317.9212950840432,-5.8352740686052105,119.38831543922424
15.021626252273151,29.36372139241466,1.5163593707917684,21.885512191980478,-20.129164337115284,-20.05917177723356,6.863885939707326,9.234557055299378,-21.575531148025327,218.85017298107473,317.97650083892097,-7.028143874597272,120.1866545677185
14.983194671231791,29.253805352174602,1.8759501520743243,22.126978594789673,-20.032514346736733,-19.69771548768912,7.143783923557882,9.221291005437871,-21.573665639763444,209.73751210226385,317.2419711613416,-8.695555884655372,121.05054640769958
14.869666002155999,29.18110290696535,2.0842882194958214,22.26958160420036,-19.961791979988934,-19.48277710765892,7.399915602044362,9.219310926976414,-21.56706532715474,200.94372425069253,316.52151812755545,-9.664218046724828,121.89606499671936
14.834203083013682,29.058790160411828,2.332813144260573,22.421481778225765,-19.80298475325749,-19.231697643591005,7.587278695212083,9.255805407154337,-21.564510787851578,195.51414517532797,313.95204287625404,-10.817834761986669,122.68305540084839
14.762580767401392,28.98231031218208,2.513232690245733,22.528315906107625,-19.65909764930989,-19.05460497257694,7.7657351387062326,9.323212662872189,-21.567837662822672,190.09894753970232,310.861838726454,-11.652687346483003,123.53434109687805
14.639471764204469,28.95300268228142,2.5942379714128414,22.554437911843962,-19.57031098632598,-18.974592951649587,7.914966147639493,9.38269169595544,-21.56883092306243,184.95937305518922,308.5788558390134,-12.02771712878957,124.33269882202148
14.526615191696468,28.871980326716717,2.732848515704024,22.582529620134217,-19.412095453632507,-18.837264388646876,8.055914428437749,9.459884873084208,-21.5701129043509,180.3223621693007,305.20435199866847,-12.669606913150567,125.21988701820374
14.445046503344217,28.836640177708873,2.811441788540563,22.639853337622377,-19.283004209771114,-18.763559170503438,8.19480683427816,9.553635967937758,-21.575000959044,176.2707382304834,301.8394281976554,-13.031015821865063,126.04012966156006
14.291770826380771,28.774311720874536,2.8859117223670836,22.648195481379087,-19.139300606433917,-18.693822788222896,8.356424654998316,9.635011114440621,-21.57973451058998,171.02734023733805,298.6432644353528,-13.373249429694603,126.879221200943
13.929695400933076,28.955247470808597,2.906028560400852,22.658224495596862,-19.111350799848147,-18.68278903773949,8.728529094663786,9.84389667096045,-21.58881759814034,159.58811902739762,294.14416301449745,-13.460804637356224,128.57325291633606
13.76193964546173,29.002619620638704,2.9583578139791555,22.684036240497893,-19.07312201712747,-18.633499928896263,8.922096595036162,9.929497603511235,-21.59185774287542,154.2455800480599,292.0854687590931,-13.701265769756718,129.40808081626892
13.56226006952974,28.968583643567598,3.0551454617384906,22.703975831871446,-18.919175640564646,-18.541294594208715,9.141715762341706,10.049408003002954,-21.596440055947205,148.3557400176232,288.2615934681051,-14.14652347249781,130.30474400520325
13.420130294510448,28.919804621059896,3.2010311089196897,22.781482254823175,-18.70807630051183,-18.401741967286185,9.361351960312726,10.211728320548065,-21.602773076205875,143.35675393260328,283.2018607748053,-14.817686125886443,131.05904603004456
13.220362072083589,28.804573824340906,3.3782378022642945,22.803664500151804,-18.463385117007075,-18.230004562365053,9.583302428068215,10.34118870733383,-21.608242364629348,137.95204911161846,278.5421931611508,-15.634024023139201,131.9247579574585
13.011683046943974,28.66154545484617,3.5212741430679984,22.85005106052542,-18.187539504308983,-18.09140957562491,9.838368013581446,10.474005950537187,-21.612683718692907,132.25448599790028,273.6445404957612,-16.292627925806514,132.81729388237
12.823913065209895,28.46520974369821,3.73033439845938,22.944864876753453,-17.862538704988534,-17.886623462441275,10.120951811543557,10.602671038709676,-21.616957860900655,126.70659147476077,268.4720636882305,-17.25651880557424,133.5902681350708
12.628595119242053,28.249636310683663,3.9080182894573277,23.037864741229328,-17.54635947209422,-17.708501404239453,10.409269621987274,10.703276838589442,-21.61651969369678,121.32066492510623,263.9344635918677,-18.078850549641796,134.4196491241455
12.390576650984686,28.120466045443507,4.047237302946392,23.089671825233722,-17.34874360907435,-17.566111764712467,10.699095174249036,10.771722436369158,-21.61334906765886,115.80957500786391,261.0582124776891,-18.72563706011891,135.27496695518494
12.221643052109085,28.008088506967205,4.206627664242664,23.172146863872946,-17.1880200228771,-17.40477247477823,10.950503811763861,10.820068484090104,-21.611400139020894,111.60804344892033,258.8531537314248,-19.464854832090694,136.1084771156311
12.026555287345143,27.85364362090443,4.463741222348176,23.274689776404657,-16.97656820233675,-17.144718202869626,11.248134489059513,10.87707541856768,-21.608459425217802,106.92044355482022,256.07658813652193,-20.65737836515471,136.92378187179565
11.768276905952929,27.693241208762977,4.696934422567047,23.353264809485644,-16.762645152773167,-16.90403653524564,11.584987903532715,10.930596055989811,-21.600970957812688,101.58212510834235,253.35527053520082,-21.74408933626314,137.7499279975891
11.617702369073788,27.470569629744332,5.022504589654183,23.472133119254977,-16.490662916673017,-16.572065292778376,11.854430750181189,10.979906713071315,-21.59456988243256,98.0030388122704,250.1894628762308,-23.258183038598286,138.56874132156372
11.448316639334042,27.375414093375777,5.2236325934906915,23.571126552476866,-16.34776583787939,-16.366446751519817,12.122809913142824,11.027648255496388,-21.59007934501051,94.43616390390204,248.24344646403964,-24.194596555282597,139.4179277420044
11.257606447374812,27.18126346992924,5.467364764454288,23.672177158247646,-16.135603249690522,-16.115890140656177,12.414570710872834,11.045660220238721,-21.583254905110465,90.68059387277292,246.08093068194881,-25.331511806218487,140.26209425926208
11.110231848270663,27.125547760056207,5.646075780801429,23.7826555288841,-16.055367443666835,-15.932063708552118,12.672423680613436,11.070180316389372,-21.578139489353546,87.67250944479824,245.03257385877362,-26.165721023293738,141.05686831474304
10.96262506397029,27.05468590179841,5.850792636142874,23.886082745503746,-15.946969474768986,-15.72375694697243,12.923457681533456,11.107716427029425,-21.574549583115303,84.82733749834587,243.56658796189433,-27.118956127463385,141.9678988456726
10.864342429509856,26.92756202092776,6.0733485006776675,23.983340740545042,-15.785157156745912,-15.497790760883458,13.118998311035186,11.142404864181845,-21.571139261561125,82.81381071885036,241.66741694594646,-28.154973305003516,142.81649136543274
10.716303941518454,26.8388992671676,6.188215249073002,24.02273140543481,-15.646599003533343,-15.381090180718457,13.306427463916357,11.192300263634259,-21.56930542979146,80.53479396012447,239.7978845722347,-28.689914328561816,143.5291543006897
10.542776085592097,26.822640289679658,6.257858891845322,24.04252577054512,-15.565993485154731,-15.30753500422455,13.499749684953022,11.256646804524927,-21.56539389606987,78.09608571737591,238.28268538102785,-29.018059776713695,144.38266348838806
10.399489503608766,26.71074380154034,6.409328920917327,24.071126377196034,-15.394645453046506,-15.151546679895988,13.671636873587268,11.316098348493831,-21.560875600813315,76.06616237518654,236.04199061327114,-29.726663423054838,145.21449637413025
10.248350246450523,26.682070408742458,6.527392752580358,24.097845322391358,-15.288497088555378,-15.031959878700292,13.849495075940835,11.39357332018708,-21.55935263128065,73.99800635514738,234.18526970346772,-30.276385679177153,146.04669761657715
10.11336145455997,26.627370650095322,6.712721194568319,24.151363048167976,-15.146777739930517,-14.84873506911209,14.038001593608007,11.480592910164804,-21.56145626368041,72.04274331443969,231.9337586347105,-31.13296760885157,146.92741632461548
9.982004306608141,26.633579910085942,6.830650798182861,24.20530828584246,-15.060638112076662,-14.734326288042778,14.223303979234318,11.572941798009278,-21.56497708622564,70.1806297691565,230.13664438083774,-31.67474173921499,147.78943276405334
9.82325290854017,26.62241904903305,6.958687950401751,24.235666048579294,-14.952609969180372,-14.610621201326973,14.412413140039124,11.669809079852678,-21.569309151728724,68.15828004021193,228.13071633704166,-32.26198809359654,148.6104347705841
9.761540897252424,26.93773986660773,6.889619330732637,24.347274211143116,-15.163765245393463,-14.684913209426393,14.585733313890692,11.773974621214265,-21.57453254015903,66.92526654080561,228.79053788744795,-31.934037587642923,149.4093098640442
9.622750554242932,26.95681397193165,6.988013899792728,24.411094828300605,-15.04996244205687,-14.59377646947046,14.788344274057673,11.906851529874778,-21.58179036926319,65.06983050917715,226.3974981488255,-32.379213124714,150.26073288917542
9.429449528290922,27.009690562270162,7.118592731703293,24.432798943403764,-14.916504536006485,-14.471831091713353,15.003349415112842,12.093186026263677,-21.590423823416646,62.84896303749786,223.3463580532971,-32.97106527377464,151.0630419254303
9.30030237158876,26.98996340100482,7.21436012373144,24.478545195442916,-14.74225059199336,-14.385155033448383,15.178242823854156,12.24771280901146,-21.599515157179823,61.273906864715514,220.36737652067168,-33.40056511098741,151.89271330833435
9.118856162201855,26.972629418701356,7.330733135347764,24.50134862845324,-14.514624255028496,-14.28169401236918,15.382492466251385,12.45800516367286,-21.612427147716943,59.280745186180226,216.50841418297583,-33.9190646438901,152.76890540122986
8.951674780403598,26.92371659480451,7.426412877308742,24.51416879004754,-14.286027551046947,-14.195493651996536,15.56249400964394,12.637689043757561,-21.621906529305278,57.52082394284827,213.04303739063428,-34.34670697166942,153.58221745491028
8.75506639564054,26.866380430962742,7.517439244549477,24.52081366676244,-14.066273724182652,-14.112862440061212,15.7657472711219,12.800106706780088,-21.63030168461069,55.53220056798186,209.89184736039653,-34.75420432946578,154.4231035709381
8.493770534816608,26.803159232668445,7.617523932858441,24.518181587469705,-13.85375664577032,-14.021387624137104,16.024411052653097,12.949402586898126,-21.638911556995545,53.005196302739186,206.98375120244697,-35.202897857382325,155.28574085235596
8.272965010478927,26.703972945782517,7.765956044715395,24.544582600285814,-13.630806564147447,-13.875948395211214,16.271617589806887,13.073166381635072,-21.64190443992661,50.842916906192556,204.26553266617745,-35.88388473977446,156.1406409740448
8.019220068388464,26.526692767591427,7.977571825910109,24.602525828751073,-13.311228060509961,-13.663025302892104,16.58330576036261,13.215464707081466,-21.640597128802213,48.357186343123395,200.7246309952096,-36.86391728670225,156.91582584381104
7.819402060818568,26.337826129258417,8.21287696950128,24.68925380498999,-13.010738537371624,-13.424599453288256,16.86985174417142,13.327087591886793,-21.637476422789536,46.35133834842498,197.6262701634245,-37.956722905315885,157.76323747634888
7.582660250376641,26.226253205680408,8.390960290025701,24.743118733983742,-12.828544764872245,-13.242318603529887,17.1604584836071,13.397708440808165,-21.633278893555588,44.186816206689,195.75178338556537,-38.78727922527413,158.56879043579102
7.303783613310433,26.159624195945824,8.555009691814108,24.809455246457333,-12.682811171272816,-13.070969836796634,17.5056716331469,13.476813024673008,-21.625979528610742,41.722384415578524,194.1083856253956,-39.55894659243528,159.42278909683228
7.090220852044304,26.06413385542451,8.819859811221948,24.900671422751874,-12.510066732286875,-12.798177862015157,17.81045057070757,13.554067123137637,-21.618037673237104,39.80932893244949,192.29751202081192,-40.79861430781406,160.20226097106934
6.904282413288104,25.99965429661168,9.002324718303182,25.001758975456987,-12.36230030851531,-12.607708822224676,18.097476562168882,13.637353988096372,-21.61003354052786,38.15052551426354,190.6502853801843,-41.65807841723177,161.0640459060669
6.708507515454045,25.88046896362376,9.24989801181476,25.09716855337695,-12.153969625226463,-12.353885601508942,18.388661037922905,13.726499338397296,-21.603783613323703,36.48176178580431,188.54384009787566,-42.81610192628513,161.9102509021759
6.487288751967309,25.86806224081458,9.391281180421165,25.145595780847717,-12.050659004885983,-12.20872991772661,18.658307028880408,13.8174032359286,-21.600011098147775,34.76890342690743,187.2136305145336,-43.47813127386068,162.73946118354797
6.309449199734225,25.77374474504057,9.59574072044845,25.21809204364634,-11.871491053058636,-11.999756714685745,18.908642843912116,13.902253691981935,-21.595497435134195,33.36807010327362,185.39256523498392,-44.43398791470729,163.56515908241272
8.933551723359809,46.05191115252896,26.127432908672983,10.246331755030948,-32.023086568371546,-47.7200768512934,19.179883478390757,14.028824584157416,-21.592643942620416,46.57771635278651,328.2663552906266,-121.00154561017709,164.41050505638123
9.343120881840417,46.193949524255196,26.21105451615207,10.098777355347512,-32.05287529390084,-47.804177488655235,19.441898237187928,14.141074230354358,-21.593122972503163,48.05662887366189,326.66506639996356,-121.38612163478814,165.2464714050293
5.799416995466366,29.77911405355451,24.17194257430911,25.570649026780394,-15.109203550490143,2.5562351678075927,19.771232031314028,14.669910503064363,-21.615707406501517,29.3326029773013,202.99451756937455,-111.82582239727547,166.05930256843567
6.075618106107292,29.281064335668653,23.393015256686304,25.538101238599793,-15.075022134297235,2.5240443448893597,19.4624831324925,14.206042201371417,-20.868970911796946,31.217075769556267,206.11697417625527,-112.09472357576841,167.81578850746155
6.492010922282173,27.161557469014866,23.027981049592853,25.34992524203743,-15.106366911210516,2.623733542133561,18.857914319755256,12.055190557804348,-20.404247507459292,34.42592225313721,225.31006323604635,-112.85876159448853,169.4379689693451
6.1459320406345554,27.798342848566982,23.462440202072816,25.397984476208126,-15.14169381796936,2.6071044443315143,19.25205243557357,12.656649030597622,-20.8553357577413,31.9235160053804,219.63430273972287,-112.50089892877311,171.12896990776062
6.026639105240676,27.105477351338173,23.719313644560724,25.410553283902868,-15.194359676394356,2.689544652073932,19.38391417866219,11.911117674943815,-21.029768992486794,31.090929570224773,227.56451653867177,-112.78922584948418,172.79680037498474
5.497469907809094,28.307631905678363,23.799367230812642,25.44902120272545,-15.192808139491463,2.592175458345961,19.951551294916356,13.1148237661869,-21.207191772466683,27.554097556363182,215.84454667749404,-112.22309623149343,174.51232075691223
4.991901882108408,29.90005074151788,23.84861584136818,25.621445591552646,-15.14830991495091,2.422168698493733,20.62954370944424,14.751740826566971,-21.426447142874444,24.197829832867836,202.68828671169263,-111.30457458645564,176.18368101119995
30.023679054327676,9.943734161407715,21.966080874302776,-9.227956605173215,5.440661282681361,-43.42444535637589,20.79572244915446,15.384395444089076,-21.458364482073115,144.3743016273446,64.63519608258804,-102.36605353895362,176.9756896495819
31.1429860134834,10.401926376017071,21.89508520927694,-9.294389020047367,5.4918989712887285,-43.37589338472133,21.848596993436033,15.8938253473058,-21.48080817544439,142.53998104701955,65.44633622629009,-101.92859146848174,178.720716714859
42.23728217934107,10.428327480460691,33.0353424217238,-19.237962429928494,26.537325971984636,11.420170494620017,22.999319749412578,16.108998491523945,-21.615171927103784,183.6457888299929,64.73603859326049,-152.83404884834613,181.25476360321045
40.13073192695349,8.252543947022435,31.18844907975658,-19.203251688997035,26.514537191677363,11.39758886233581,20.927480237956452,18.261993244654928,-19.790860217420768,191.7609357201439,45.18972182534269,-157.59016403088515,185.56403350830078
40.54454819794178,8.49181928062751,30.72938351509258,-19.252207016906183,26.527324318771974,11.442382222852654,21.292341181035592,18.035505038144464,-19.287001292239925,190.4184601083394,47.083900687380854,-159.32691168251472,187.24871349334717
